,topK,shrink,similarity,normalize,feature_weighting
0,401,5,jaccard,False,TF-IDF
1,560,3,jaccard,False,TF-IDF
2,418,1,jaccard,False,TF-IDF
3,487,7,jaccard,False,TF-IDF
4,541,0,jaccard,False,TF-IDF
5,479,4,jaccard,False,TF-IDF
6,444,5,jaccard,False,TF-IDF
7,415,0,jaccard,False,TF-IDF
8,513,2,jaccard,False,TF-IDF
9,400,8,jaccard,False,TF-IDF
10,595,3,jaccard,False,TF-IDF
11,453,0,jaccard,False,TF-IDF
12,400,10,jaccard,False,TF-IDF
13,589,6,jaccard,False,TF-IDF
14,517,3,jaccard,False,TF-IDF
15,581,0,jaccard,False,TF-IDF
16,537,9,jaccard,False,TF-IDF
17,470,5,jaccard,False,TF-IDF
18,419,10,jaccard,False,TF-IDF
19,408,1,jaccard,False,TF-IDF
20,400,9,jaccard,False,TF-IDF
21,400,7,jaccard,False,TF-IDF
22,504,8,jaccard,False,TF-IDF
23,510,4,jaccard,False,TF-IDF
24,594,8,jaccard,False,TF-IDF
25,400,3,jaccard,False,TF-IDF
26,413,4,jaccard,False,TF-IDF
27,408,8,jaccard,False,TF-IDF
28,420,6,jaccard,False,TF-IDF
29,413,5,jaccard,False,TF-IDF
