,num_factors,l1_ratio,solver,init_type,beta_loss
0,133,0.8271876728183671,multiplicative_update,nndsvda,kullback-leibler
1,131,0.33859084359158226,coordinate_descent,random,frobenius
2,117,0.5451998968060986,multiplicative_update,random,frobenius
3,127,0.8344935855177218,multiplicative_update,nndsvda,frobenius
4,130,0.4573514623260352,coordinate_descent,nndsvda,kullback-leibler
5,141,0.5277037206034918,multiplicative_update,random,kullback-leibler
6,90,1.0,coordinate_descent,random,kullback-leibler
7,122,0.6909004166574255,multiplicative_update,nndsvda,frobenius
8,121,0.6709242587097886,multiplicative_update,nndsvda,frobenius
9,121,0.6610953270406521,multiplicative_update,nndsvda,frobenius
10,121,0.6548816817939879,multiplicative_update,nndsvda,frobenius
11,121,0.6504053176830707,multiplicative_update,nndsvda,frobenius
12,121,0.6472971572538545,multiplicative_update,nndsvda,frobenius
13,120,0.6444289462296775,multiplicative_update,nndsvda,frobenius
14,120,0.6420976688784155,multiplicative_update,nndsvda,frobenius
15,120,0.6404241516080672,multiplicative_update,nndsvda,frobenius
16,137,0.6777886940561194,multiplicative_update,nndsvda,kullback-leibler
17,138,0.6565650974484507,multiplicative_update,nndsvda,kullback-leibler
18,120,0.6388459772239489,multiplicative_update,nndsvda,frobenius
19,120,0.6374820604011723,multiplicative_update,nndsvda,frobenius
